zvKlEq9IsY3C92j429O1,Proctor's Vriesea,Vidoo,Red-billed buffalo weaver,4/6/2022,FALSE,2008,9 Springs Junction,,,,,,
rUW1HmROe7E3sjWVqeCg,Limestone Wild Petunia,Avamba,"Crocodile, nile",2/18/2023,TRUE,1995,202 Arrowood Junction,,,,,,
Y8Msbpd3ldTkoFW2n7sd,Scarlet Beebalm,Mita,Blackish oystercatcher,6/16/2022,FALSE,1997,226 Dayton Lane,,,,,,
XjLKjp7K8q4XIAKkB7ws,Island Mistletoe,Voonder,"Alligator, mississippi",6/2/2022,FALSE,2007,54587 Sutteridge Alley,,,,,,
ZrQSWXFpaBiPpubDdWrv,Anthracothecium Lichen,Geba,Bush dog,6/5/2022,TRUE,2000,2460 Forster Circle,,,,,,
eGLTS8f6WuGgzDv0pi9a,Turpentine Wavewing,Mydeo,Red-shouldered glossy starling,1/6/2023,TRUE,2005,63 Sloan Point,,,,,,
Ioo8dZ3aSiBYm7hLJETD,Variegated-bract Blazingstar,Gevee,"Hartebeest, coke's",6/3/2022,FALSE,2012,720 Springview Trail,,,,,,
zz6T3NyH1mLPEgkkvlhN,Undulate Atrichum Moss,Gigabox,"Wallaby, bennett's",4/3/2022,FALSE,1997,00 Morningstar Hill,,,,,,
s6hi3J8N1GpMT0k2R4mu,Philoxerus,Centidel,"Seal, northern elephant",11/9/2022,FALSE,1994,527 Talisman Lane,,,,,,
4B5vI4gVMn9pmRr1JEVy,Cymodocea,Plambee,Asian water dragon,11/14/2022,TRUE,2004,06 Mockingbird Road,,,,,,
9ZEa1OWJKBptfdFk5V8o,Dicranum Moss,Thoughtstorm,Aardwolf,9/27/2022,FALSE,1993,2762 Claremont Pass,,,,,,
Me5mWYX7x3dUJ2aFR66z,Crabgrass,Thoughtworks,Cape Barren goose,3/26/2022,FALSE,1995,2092 Grasskamp Terrace,,,,,,
F3Z693Dym7ZRc7AlQvqR,Twogrooved Milkvetch,Youbridge,"Buffalo, asian water",4/13/2022,TRUE,2006,8399 Amoth Point,,,,,,
MBeoRSk203VRPw3GNSY6,Ponce Beadfern,Pixonyx,Black-tailed tree creeper,3/3/2023,TRUE,2006,215 Summerview Park,,,,,,
0KaYL7emyjn5Zlxsm4uU,Sweet Breath Of Spring,Buzzbean,Crown of thorns starfish,11/14/2022,FALSE,2000,6259 Knutson Pass,,,,,,
K2r3SEd200wTZqWLbXQ2,Neslia,Realcube,"Ibis, puna",8/31/2022,FALSE,1996,8420 Garrison Drive,,,,,,
XeaNCSmQtQiXePiyHdJ3,Groundberry,Mudo,Beisa oryx,8/20/2022,TRUE,2002,33806 Pankratz Lane,,,,,,
67C09BuwXXdMw7MxHBjM,Wright's Morning-glory,Mybuzz,Kirk's dik dik,4/1/2022,FALSE,1993,4837 Buena Vista Trail,,,,,,
pSWO2Roi3KPfBWubIhh4,Alaskan Douglasia,Feedspan,"Lion, mountain",8/17/2022,FALSE,1995,273 Acker Circle,,,,,,
yA2fOxXCJ3Bxk1lOaEEL,Swinecress,Flashset,"Buffalo, american",9/9/2022,TRUE,2009,428 Sloan Terrace,,,,,,
,,,,,,,,,,,,,
,,,,,,,,,,,,,
,,,,,,,,,,,,,
,,,,,,,,,,,,,
,,,,,,,,,,,,,
,,,,,,,,,,,,,
,,,,,,,,,,,,,
,,,,,,,,,,,,,
,,,,,,,,,,,,,
,,,,,,,,,,,,,
,,,,,,,,,,,,,
,,,,,,,,,,,,,
