1,Y8Msbpd3ldTkoFW2n7sd
2,Y8Msbpd3ldTkoFW2n7sd
2,XjLKjp7K8q4XIAKkB7ws
2,eGLTS8f6WuGgzDv0pi9a
3,XjLKjp7K8q4XIAKkB7ws
4,eGLTS8f6WuGgzDv0pi9a
5,Y8Msbpd3ldTkoFW2n7sd
5,XjLKjp7K8q4XIAKkB7ws
5,eGLTS8f6WuGgzDv0pi9a
6,Y8Msbpd3ldTkoFW2n7sd
7,eGLTS8f6WuGgzDv0pi9a
8,zz6T3NyH1mLPEgkkvlhN
9,zz6T3NyH1mLPEgkkvlhN
10,s6hi3J8N1GpMT0k2R4mu
11,4B5vI4gVMn9pmRr1JEVy
12,9ZEa1OWJKBptfdFk5V8o
13,9ZEa1OWJKBptfdFk5V8o
14,MBeoRSk203VRPw3GNSY6
15,0KaYL7emyjn5Zlxsm4uU
16,K2r3SEd200wTZqWLbXQ2
17,XeaNCSmQtQiXePiyHdJ3
18,67C09BuwXXdMw7MxHBjM
19,pSWO2Roi3KPfBWubIhh4
20,yA2fOxXCJ3Bxk1lOaEEL
20,pSWO2Roi3KPfBWubIhh4
20,XeaNCSmQtQiXePiyHdJ3